{"name":"Flight_Management_System_FMS","classpathEntries":[{"kind":"binary","path":"C:\\Program Files\\Java\\jre1.8.0_181\\lib\\resources.jar","javadocContainerUrl":"https://docs.oracle.com/javase/1/docs/api/","isSystem":true,"isOwn":false,"isTest":false,"isJavaContent":false},{"kind":"binary","path":"C:\\Program Files\\Java\\jre1.8.0_181\\lib\\rt.jar","javadocContainerUrl":"https://docs.oracle.com/javase/1/docs/api/","isSystem":true,"isOwn":false,"isTest":false,"isJavaContent":false},{"kind":"binary","path":"C:\\Program Files\\Java\\jre1.8.0_181\\lib\\jsse.jar","javadocContainerUrl":"https://docs.oracle.com/javase/1/docs/api/","isSystem":true,"isOwn":false,"isTest":false,"isJavaContent":false},{"kind":"binary","path":"C:\\Program Files\\Java\\jre1.8.0_181\\lib\\jce.jar","javadocContainerUrl":"https://docs.oracle.com/javase/1/docs/api/","isSystem":true,"isOwn":false,"isTest":false,"isJavaContent":false},{"kind":"binary","path":"C:\\Program Files\\Java\\jre1.8.0_181\\lib\\charsets.jar","javadocContainerUrl":"https://docs.oracle.com/javase/1/docs/api/","isSystem":true,"isOwn":false,"isTest":false,"isJavaContent":false},{"kind":"binary","path":"C:\\Program Files\\Java\\jre1.8.0_181\\lib\\jfr.jar","javadocContainerUrl":"https://docs.oracle.com/javase/1/docs/api/","isSystem":true,"isOwn":false,"isTest":false,"isJavaContent":false},{"kind":"binary","path":"C:\\Users\\acer\\.m2\\repository\\org\\junit\\jupiter\\junit-jupiter-api\\5.6.0\\junit-jupiter-api-5.6.0.jar","sourceContainerUrl":"file:/C:/Users/acer/.m2/repository/org/junit/jupiter/junit-jupiter-api/5.6.0/junit-jupiter-api-5.6.0-sources.jar","javadocContainerUrl":"file:/C:/Users/acer/.m2/repository/org/junit/jupiter/junit-jupiter-api/5.6.0/junit-jupiter-api-5.6.0-javadoc.jar","isSystem":false,"isOwn":false,"isTest":false,"isJavaContent":false},{"kind":"binary","path":"C:\\Users\\acer\\.m2\\repository\\org\\apiguardian\\apiguardian-api\\1.1.0\\apiguardian-api-1.1.0.jar","sourceContainerUrl":"file:/C:/Users/acer/.m2/repository/org/apiguardian/apiguardian-api/1.1.0/apiguardian-api-1.1.0-sources.jar","javadocContainerUrl":"file:/C:/Users/acer/.m2/repository/org/apiguardian/apiguardian-api/1.1.0/apiguardian-api-1.1.0-javadoc.jar","isSystem":false,"isOwn":false,"isTest":false,"isJavaContent":false},{"kind":"binary","path":"C:\\Users\\acer\\.m2\\repository\\org\\opentest4j\\opentest4j\\1.2.0\\opentest4j-1.2.0.jar","sourceContainerUrl":"file:/C:/Users/acer/.m2/repository/org/opentest4j/opentest4j/1.2.0/opentest4j-1.2.0-sources.jar","javadocContainerUrl":"file:/C:/Users/acer/.m2/repository/org/opentest4j/opentest4j/1.2.0/opentest4j-1.2.0-javadoc.jar","isSystem":false,"isOwn":false,"isTest":false,"isJavaContent":false},{"kind":"binary","path":"C:\\Users\\acer\\.m2\\repository\\org\\junit\\platform\\junit-platform-commons\\1.6.0\\junit-platform-commons-1.6.0.jar","sourceContainerUrl":"file:/C:/Users/acer/.m2/repository/org/junit/platform/junit-platform-commons/1.6.0/junit-platform-commons-1.6.0-sources.jar","javadocContainerUrl":"file:/C:/Users/acer/.m2/repository/org/junit/platform/junit-platform-commons/1.6.0/junit-platform-commons-1.6.0-javadoc.jar","isSystem":false,"isOwn":false,"isTest":false,"isJavaContent":false},{"kind":"binary","path":"C:\\Users\\acer\\.m2\\repository\\org\\junit\\jupiter\\junit-jupiter-engine\\5.6.0\\junit-jupiter-engine-5.6.0.jar","sourceContainerUrl":"file:/C:/Users/acer/.m2/repository/org/junit/jupiter/junit-jupiter-engine/5.6.0/junit-jupiter-engine-5.6.0-sources.jar","javadocContainerUrl":"file:/C:/Users/acer/.m2/repository/org/junit/jupiter/junit-jupiter-engine/5.6.0/junit-jupiter-engine-5.6.0-javadoc.jar","isSystem":false,"isOwn":false,"isTest":false,"isJavaContent":false},{"kind":"binary","path":"C:\\Users\\acer\\.m2\\repository\\org\\junit\\platform\\junit-platform-engine\\1.6.0\\junit-platform-engine-1.6.0.jar","sourceContainerUrl":"file:/C:/Users/acer/.m2/repository/org/junit/platform/junit-platform-engine/1.6.0/junit-platform-engine-1.6.0-sources.jar","javadocContainerUrl":"file:/C:/Users/acer/.m2/repository/org/junit/platform/junit-platform-engine/1.6.0/junit-platform-engine-1.6.0-javadoc.jar","isSystem":false,"isOwn":false,"isTest":false,"isJavaContent":false},{"kind":"source","path":"C:\\Users\\acer\\eclipse-workspace\\Flight_Management_System_FMS\\src\\main\\java","outputFolder":"C:\\Users\\acer\\eclipse-workspace\\Flight_Management_System_FMS\\target\\classes","javadocContainerUrl":"file:/C:/Users/acer/eclipse-workspace/Flight_Management_System_FMS/target/site/apidocs","isSystem":false,"isOwn":true,"isTest":false,"isJavaContent":true},{"kind":"source","path":"C:\\Users\\acer\\eclipse-workspace\\Flight_Management_System_FMS\\src\\test\\java","outputFolder":"C:\\Users\\acer\\eclipse-workspace\\Flight_Management_System_FMS\\target\\test-classes","javadocContainerUrl":"file:/C:/Users/acer/eclipse-workspace/Flight_Management_System_FMS/target/site/apidocs","isSystem":false,"isOwn":true,"isTest":true,"isJavaContent":true},{"kind":"source","path":"C:\\Users\\acer\\eclipse-workspace\\Flight_Management_System_FMS\\src\\main\\resources","outputFolder":"C:\\Users\\acer\\eclipse-workspace\\Flight_Management_System_FMS\\target\\classes","isSystem":false,"isOwn":true,"isTest":false,"isJavaContent":false},{"kind":"source","path":"C:\\Users\\acer\\eclipse-workspace\\Flight_Management_System_FMS\\src\\test\\resources","outputFolder":"C:\\Users\\acer\\eclipse-workspace\\Flight_Management_System_FMS\\target\\test-classes","isSystem":false,"isOwn":true,"isTest":true,"isJavaContent":false},{"kind":"source","path":"C:\\Users\\acer\\eclipse-workspace\\Flight_Management_System_FMS\\src\\test\\java","outputFolder":"C:\\Users\\acer\\eclipse-workspace\\Flight_Management_System_FMS\\target\\test-classes","javadocContainerUrl":"file:/C:/Users/acer/eclipse-workspace/Flight_Management_System_FMS/target/site/apidocs","isSystem":false,"isOwn":true,"isTest":false,"isJavaContent":false}]}